"","pop_millions","percapita_health_spending_thousands","medicaid_enroll_percapita","prev2years_drugusecalc","prev2years_aud","prev2years_marijuana"
"pop_millions",1,-0.162677416972809,0.0434938208250428,0.00137687915213438,-0.212061718662853,-0.121440690472972
"percapita_health_spending_thousands",-0.162677416972809,1,0.323613252063031,0.60482440907046,0.313809137405726,0.46684364748495
"medicaid_enroll_percapita",0.0434938208250428,0.323613252063031,1,0.41171396069811,0.122918992484396,0.350195339031733
"prev2years_drugusecalc",0.00137687915213438,0.60482440907046,0.41171396069811,1,0.377117777814172,0.761696734489857
"prev2years_aud",-0.212061718662853,0.313809137405726,0.122918992484396,0.377117777814172,1,0.404387920179623
"prev2years_marijuana",-0.121440690472972,0.46684364748495,0.350195339031733,0.761696734489857,0.404387920179623,1
